[{"_allAttributes":null,"_properties":null,"_methods":null,"file":"/Users/nrobertdehault/git/talon-pilot-documentation/codeSamples/enablementSessionThree/force-app/main/default/lwc/map/map.js","metadata":{"decorators":[{"type":"api","targets":[{"type":"property","name":"mapboxToken","value":{"type":"unresolved"}}]}],"exports":[{"type":"ExportDefaultDeclaration"}]},"updatedAt":"2020-10-30T15:46:46.970Z"},{"_allAttributes":null,"_properties":null,"_methods":null,"file":"/Users/nrobertdehault/git/talon-pilot-documentation/codeSamples/enablementSessionThree/force-app/main/default/lwc/navigationMenu/navigationMenu.js","metadata":{"decorators":[{"type":"api","targets":[{"type":"property","name":"menuName","value":{"type":"unresolved"}}]},{"type":"wire","targets":[{"name":"wiredMenuItems","adapter":{"name":"getNavigationMenuItems","reference":"@salesforce/apex/NavigationMenuItemsController.getNavigationMenuItems"},"type":"method","static":{},"params":{"menuName":"menuName","publishedState":"publishedState"}},{"name":"setCurrentPageReference","adapter":{"name":"CurrentPageReference","reference":"lightning/navigation"},"type":"method"}]},{"type":"track","targets":[{"name":"menuItems","type":"property"},{"name":"isLoaded","type":"property"},{"name":"error","type":"property"}]}],"doc":"This is a custom LWC navigation menu component.\nMake sure the Guest user profile has access to the NavigationMenuItemsController apex class.","declarationLoc":{"start":{"line":11,"column":0},"end":{"line":91,"column":1}},"classMembers":[{"type":"property","name":"menuName","loc":{"start":{"line":16,"column":4},"end":{"line":16,"column":18}},"doc":"the menuName (NavigationMenuLinkSet.MasterLabel) exposed by the .js-meta.xml","decorator":"api","value":{"type":"unresolved"}},{"type":"property","name":"menuItems","loc":{"start":{"line":21,"column":4},"end":{"line":21,"column":26}},"doc":"the menu items when fetched by the NavigationItemsController","decorator":"track"},{"type":"property","name":"isLoaded","loc":{"start":{"line":26,"column":4},"end":{"line":26,"column":28}},"doc":"if the items have been loaded","decorator":"track"},{"type":"property","name":"error","loc":{"start":{"line":31,"column":4},"end":{"line":31,"column":17}},"doc":"the error if it occurs","decorator":"track"},{"type":"property","name":"publishedState","loc":{"start":{"line":37,"column":4},"end":{"line":37,"column":19}},"doc":"the published state of the site, used to determine from which schema to\nfetch the NavigationMenuItems"},{"type":"method","name":"wiredMenuItems","loc":{"start":{"line":45,"column":4},"end":{"line":73,"column":5}},"doc":"Using a custom Apex controller, query for the NavigationMenuItems using the\nmenu name and published state.\n\nThe custom Apex controller is wired to provide reactive results.","decorator":"wire"},{"type":"method","name":"setCurrentPageReference","loc":{"start":{"line":82,"column":4},"end":{"line":90,"column":5}},"doc":"Using the CurrentPageReference, check if the app is 'commeditor'.\n\nIf the app is 'commeditor', then the page will use 'Draft' NavigationMenuItems.\nOtherwise, it will use the 'Live' schema.","decorator":"wire"}],"exports":[{"type":"ExportDefaultDeclaration"}]},"updatedAt":"2021-04-14T07:03:25.340Z"},{"_allAttributes":null,"_properties":null,"_methods":null,"file":"/Users/nrobertdehault/git/talon-pilot-documentation/codeSamples/enablementSessionThree/force-app/main/default/lwc/navigationMenuItem/navigationMenuItem.js","metadata":{"decorators":[{"type":"api","targets":[{"type":"property","name":"item","value":{"type":"object","value":{}}}]},{"type":"track","targets":[{"name":"href","type":"property"}]}],"exports":[{"type":"ExportDefaultDeclaration"}]},"updatedAt":"2021-04-14T07:03:25.342Z"},{"_allAttributes":null,"_properties":null,"_methods":null,"file":"/Users/nrobertdehault/git/talon-pilot-documentation/codeSamples/enablementSessionThree/force-app/main/default/lwc/objectHeader/objectHeader.js","metadata":{"decorators":[{"type":"api","targets":[{"type":"property","name":"objectApiName","value":{"type":"unresolved"}},{"type":"property","name":"plural","value":{"type":"unresolved"}}]},{"type":"wire","targets":[{"name":"getObjectInfo","adapter":{"name":"getObjectInfo","reference":"lightning/uiObjectInfoApi"},"type":"method","static":{},"params":{"objectApiName":"objectApiName"}}]},{"type":"track","targets":[{"name":"objectInfo","type":"property"}]}],"declarationLoc":{"start":{"line":4,"column":0},"end":{"line":26,"column":1}},"classMembers":[{"type":"property","name":"objectApiName","loc":{"start":{"line":5,"column":4},"end":{"line":5,"column":23}},"decorator":"api","value":{"type":"unresolved"}},{"type":"property","name":"plural","loc":{"start":{"line":6,"column":4},"end":{"line":6,"column":15}},"decorator":"api","value":{"type":"unresolved"}},{"type":"property","name":"objectInfo","loc":{"start":{"line":8,"column":4},"end":{"line":8,"column":22}},"decorator":"track"},{"type":"method","name":"getObjectInfo","loc":{"start":{"line":10,"column":4},"end":{"line":17,"column":5}},"decorator":"wire"},{"type":"property","name":"label","loc":{"start":{"line":19,"column":4},"end":{"line":21,"column":5}}},{"type":"property","name":"iconStyle","loc":{"start":{"line":23,"column":4},"end":{"line":25,"column":5}}}],"exports":[{"type":"ExportDefaultDeclaration"}]},"updatedAt":"2020-10-30T15:46:46.973Z"},{"_allAttributes":null,"_properties":null,"_methods":null,"file":"/Users/nrobertdehault/git/talon-pilot-documentation/codeSamples/enablementSessionThree/force-app/main/default/lwc/recordDetail/recordDetail.js","metadata":{"decorators":[{"type":"api","targets":[{"type":"property","name":"objectApiName","value":{"type":"unresolved"}},{"type":"property","name":"recordId","value":{"type":"unresolved"}},{"type":"property","name":"actionName","value":{"type":"string","value":"view"}}]}],"exports":[{"type":"ExportDefaultDeclaration"}]},"updatedAt":"2020-10-30T15:46:46.973Z"},{"_allAttributes":null,"_properties":null,"_methods":null,"file":"/Users/nrobertdehault/git/talon-pilot-documentation/codeSamples/enablementSessionThree/force-app/main/default/lwc/recordLink/recordLink.js","metadata":{"decorators":[{"type":"api","targets":[{"type":"property","name":"objectApiName","value":{"type":"unresolved"}},{"type":"property","name":"recordId","value":{"type":"unresolved"}},{"type":"property","name":"label","value":{"type":"unresolved"}}]}],"exports":[{"type":"ExportDefaultDeclaration"}]},"updatedAt":"2020-10-30T15:46:46.974Z"},{"_allAttributes":null,"_properties":null,"_methods":null,"file":"/Users/nrobertdehault/git/talon-pilot-documentation/codeSamples/enablementSessionThree/force-app/main/default/lwc/recordList/recordList.js","metadata":{"decorators":[{"type":"api","targets":[{"type":"property","name":"objectApiName","value":{"type":"unresolved"}},{"type":"property","name":"filterName","value":{"type":"unresolved"}}]},{"type":"wire","targets":[{"name":"getObjectInfo","adapter":{"name":"getObjectInfo","reference":"lightning/uiObjectInfoApi"},"type":"method","static":{},"params":{"objectApiName":"objectApiName"}},{"name":"getListViews","adapter":{"name":"getListUi","reference":"lightning/uiListApi"},"type":"method","static":{},"params":{"objectApiName":"objectApiName"}},{"name":"getRecords","adapter":{"name":"getListUi","reference":"lightning/uiListApi"},"type":"method","static":{},"params":{"listViewId":"currentListViewId"}}]},{"type":"track","targets":[{"name":"listViews","type":"property"},{"name":"currentListViewId","type":"property"},{"name":"records","type":"property"},{"name":"objectInfo","type":"property"},{"name":"listUi","type":"property"},{"name":"error","type":"property"},{"name":"isLoaded","type":"property"}]}],"exports":[{"type":"ExportDefaultDeclaration"}]},"updatedAt":"2021-04-14T07:03:25.350Z"},{"_allAttributes":null,"_properties":null,"_methods":null,"file":"/Users/nrobertdehault/git/talon-pilot-documentation/codeSamples/enablementSessionThree/force-app/main/default/lwc/recordTable/recordTable.js","metadata":{"decorators":[{"type":"api","targets":[{"type":"property","name":"objectInfo"},{"type":"property","name":"listUi"},{"type":"property","name":"actions"}]}],"exports":[{"type":"ExportDefaultDeclaration"}]},"updatedAt":"2020-10-30T15:46:46.976Z"},{"_allAttributes":null,"_properties":null,"_methods":null,"file":"/Users/nrobertdehault/git/talon-pilot-documentation/codeSamples/enablementSessionThree/force-app/main/default/lwc/searchBar/searchBar.js","metadata":{"decorators":[{"type":"api","targets":[{"type":"property","name":"searchPlaceholder","value":{"type":"string","value":"Search..."}}]}],"exports":[{"type":"ExportDefaultDeclaration"}]},"updatedAt":"2020-10-30T15:46:46.977Z"},{"_allAttributes":null,"_properties":null,"_methods":null,"file":"/Users/nrobertdehault/git/talon-pilot-documentation/codeSamples/enablementSessionThree/force-app/main/default/lwc/searchResults/searchResults.js","metadata":{"decorators":[{"type":"api","targets":[{"type":"property","name":"searchString","value":{"type":"unresolved"}},{"type":"property","name":"objectApiName","value":{"type":"unresolved"}}]},{"type":"wire","targets":[{"name":"wiredSearchResults","adapter":{"name":"searchInObject","reference":"@salesforce/apex/GlobalSearchController.searchInObject"},"type":"method","static":{},"params":{"searchString":"searchString","objectApiName":"objectApiName"}}]},{"type":"track","targets":[{"name":"results","type":"property"},{"name":"isLoaded","type":"property"},{"name":"hasError","type":"property"}]}],"declarationLoc":{"start":{"line":4,"column":0},"end":{"line":34,"column":1}},"classMembers":[{"type":"property","name":"searchString","loc":{"start":{"line":5,"column":4},"end":{"line":5,"column":22}},"decorator":"api","value":{"type":"unresolved"}},{"type":"property","name":"objectApiName","loc":{"start":{"line":6,"column":4},"end":{"line":6,"column":23}},"decorator":"api","value":{"type":"unresolved"}},{"type":"property","name":"results","loc":{"start":{"line":8,"column":4},"end":{"line":8,"column":19}},"decorator":"track"},{"type":"property","name":"isLoaded","loc":{"start":{"line":9,"column":4},"end":{"line":9,"column":28}},"decorator":"track"},{"type":"property","name":"hasError","loc":{"start":{"line":10,"column":4},"end":{"line":10,"column":28}},"decorator":"track"},{"type":"property","name":"error","loc":{"start":{"line":12,"column":4},"end":{"line":12,"column":10}}},{"type":"method","name":"wiredSearchResults","loc":{"start":{"line":14,"column":4},"end":{"line":24,"column":5}},"decorator":"wire"},{"type":"property","name":"numResultsMessage","loc":{"start":{"line":26,"column":4},"end":{"line":28,"column":5}}},{"type":"property","name":"errorMessage","loc":{"start":{"line":30,"column":4},"end":{"line":33,"column":5}}}],"exports":[{"type":"ExportDefaultDeclaration"}]},"updatedAt":"2020-10-30T15:46:46.978Z"},{"_allAttributes":null,"_properties":null,"_methods":null,"file":"/Users/nrobertdehault/git/talon-pilot-documentation/codeSamples/enablementSessionThree/force-app/main/default/lwc/simpleHeader/simpleHeader.js","metadata":{"decorators":[{"type":"api","targets":[{"type":"property","name":"backgroundColor","value":{"type":"unresolved"}}]}],"declarationLoc":{"start":{"line":3,"column":0},"end":{"line":21,"column":1}},"classMembers":[{"type":"property","name":"backgroundColor","loc":{"start":{"line":4,"column":4},"end":{"line":4,"column":25}},"decorator":"api","value":{"type":"unresolved"}},{"type":"property","name":"generatedStyle","loc":{"start":{"line":6,"column":4},"end":{"line":8,"column":5}}},{"type":"method","name":"handleLogoClick","loc":{"start":{"line":10,"column":4},"end":{"line":12,"column":5}}},{"type":"method","name":"handleNotificationsClick","loc":{"start":{"line":14,"column":4},"end":{"line":16,"column":5}}},{"type":"method","name":"handleProfileMenuClick","loc":{"start":{"line":18,"column":4},"end":{"line":20,"column":5}}}],"exports":[{"type":"ExportDefaultDeclaration"}]},"updatedAt":"2020-10-30T15:46:46.979Z"}]