{
    "appPageId": "24c5e29f-4104-4963-99c7-e83810aa4532",
    "componentName": "community_layout:sldsFlexibleLayout",
    "id": "e056ae4a-3ef9-41eb-9114-1a0b2fa3b447",
    "label": "Service Not Available",
    "regions": [
        {
            "components": [
                {
                    "componentAttributes": {
                        "sectionConfig": "{\"UUID\":\"1cfacce3-a370-4cd1-8c97-a4bcaaa75234\",\"columns\":[{\"UUID\":\"28e5b5c7-0836-4ce0-8c23-c2b6183876d7\",\"columnName\":\"Column 1\",\"columnKey\":\"col1\",\"columnWidth\":\"12\",\"seedComponents\":null}]}"
                    },
                    "componentName": "community_layout:section",
                    "id": "1cfacce3-a370-4cd1-8c97-a4bcaaa75234",
                    "regions": [
                        {
                            "components": [
                                {
                                    "componentAttributes": {
                                        "richTextValue": "<div style=\"display: flex; align-items: center; flex-direction: column; margin: 60px 25px 40px 25px;\">\n\t<div style=\"background-image: url(assets/img/serviceNotAvailable.svg); center no-repeat; background-size: contain; height: 331px; width: 100%; max-width: 538px;\"></div>\n</div>\n<div style=\"margin: 0 25px; text-align: center;\">\n\t<p><b style=\"font-size: 3.4em\">Looks like the site is temporarily unavailable</b></p>\n\t<br/>\n\t<p><span style=\"font-size: 2em;\">Please try again in a bit.</span></p>\n</div>"
                                    },
                                    "componentName": "community_builder:htmlEditor",
                                    "id": "90c0ee8b-a9b6-4696-9c5e-822a4a118562",
                                    "renderPriority": "NEUTRAL",
                                    "renditionMap": {},
                                    "type": "component"
                                }
                            ],
                            "id": "28e5b5c7-0836-4ce0-8c23-c2b6183876d7",
                            "regionLabel": "Column 1",
                            "regionName": "col1",
                            "renditionMap": {},
                            "type": "region"
                        }
                    ],
                    "renderPriority": "NEUTRAL",
                    "renditionMap": {},
                    "scopedBrandingSetId": null,
                    "type": "component"
                }
            ],
            "id": "da08e9a8-3e1c-42af-ad69-ac4f26cee324",
            "regionName": "content",
            "type": "region"
        }
    ],
    "themeLayoutType": "ServiceNotAvailable",
    "type": "view",
    "viewType": "service-not-available"
}
