<?xml version="1.0" encoding="UTF-8" ?>
<LightningComponentBundle xmlns="http://soap.sforce.com/2006/04/metadata" fqn="blankThemeLayout">
    <apiVersion>51.0</apiVersion>
    <isExposed>true</isExposed>
    <masterLabel>Blank Theme Layout (LWC)</masterLabel>
    <targets>
        <target>lightningCommunity__Theme_Layout</target>
        <target>lightningCommunity__Default</target>
    </targets>

    <targetConfigs>
        <targetConfig targets="lightningCommunity__Default">
            <property name="backgroundColor" type="Color" default="#fff"></property>
        </targetConfig>
    </targetConfigs>
</LightningComponentBundle>