<?xml version="1.0" encoding="UTF-8"?>
<!-- navigationMenu.js-meta.xml -->
<LightningComponentBundle xmlns="http://soap.sforce.com/2006/04/metadata" fqn="navigationMenu">
    <apiVersion>51.0</apiVersion>
    <isExposed>true</isExposed>
    <masterLabel>Navigation Menu</masterLabel>
    <description>Custom Navigation Menu</description>
    <targets>
        <target>lightningCommunity__Page</target>
        <target>lightningCommunity__Default</target>
    </targets>
    <targetConfigs>
        <targetConfig targets="lightningCommunity__Default">
            <property name="menuName"
                type="String"
                default="Default Navigation"
                label="Navigation Menu Name"
                description="The name of the Navigation Menu Linkset, which can be configured in Settings > Navigation"/>
        </targetConfig>
    </targetConfigs>
</LightningComponentBundle>