<?xml version="1.0" encoding="UTF-8" ?>
<LightningComponentBundle
    xmlns="http://soap.sforce.com/2006/04/metadata"
    fqn="navigationMenu"
>
    <apiVersion>52.0</apiVersion>
    <isExposed>true</isExposed>
    <masterLabel>Navigation Menu</masterLabel>
    <description>Custom Navigation Menu</description>
    <targets>
        <target>lightningCommunity__Page</target>
        <target>lightningCommunity__Default</target>
    </targets>
    <targetConfigs>
        <targetConfig targets="lightningCommunity__Default">
            <property
                name="menuName"
                type="String"
                datasource="apex://NavigationLinkSetPickList"
                label="Navigation Menu Name"
                description="The name of the Navigation Menu Linkset, which can be configured in Settings > Navigation"
            />
            <property
                name="buttonLabel"
                type="String"
                default="Get a quote"
                label="Button Label"
                description="The label for the 'call to action' Navigation Menu button"
            />
            <property
                name="buttonRedirectPageAPIName"
                type="String"
                default="Home"
                label="Button Redirect Page API Name"
                description="The page API name for the page the user will navigate to on button click"
            />
        </targetConfig>
    </targetConfigs>
</LightningComponentBundle>
