<?xml version="1.0" encoding="UTF-8" ?>
<LightningComponentBundle xmlns="http://soap.sforce.com/2006/04/metadata">
    <apiVersion>51.0</apiVersion>
    <isExposed>true</isExposed>
    <masterLabel>CMS News Content Card With Button</masterLabel>
    <description>CMS Content to display</description>
    <targets>
        <target>lightningCommunity__Page</target>
        <target>lightningCommunity__Default</target>
    </targets>
    <targetConfigs>
        <targetConfig targets="lightningCommunity__Default">
            <property
                type="ContentReference"
                name="contentId"
                label="Content ID"
                filter="news"
            />
            <property
                type="String"
                name="buttonLabel"
                label="Button Label"
                default="Go now"
            />
            <property
                type="String"
                name="redirectPageApiName"
                label="Button Navigation Page API Name"
                default="Home"
            />
        </targetConfig>
    </targetConfigs>
</LightningComponentBundle>
