[{"_allAttributes":null,"_properties":null,"_methods":null,"file":"/Users/nrobertdehault/git/talon-pilot-documentation/codeSamples/apiErrorHandling/force-app/main/default/lwc/apiErrorHandling/apiErrorHandling.js","metadata":{"decorators":[{"type":"api","targets":[{"type":"property","name":"recordId","value":{"type":"unresolved"}}]},{"type":"wire","targets":[{"name":"setRecord","adapter":{"name":"getRecord","reference":"lightning/uiRecordApi"},"type":"method","static":{"fields":{"type":"unresolved","value":"array_expression"}},"params":{"recordId":"recordId"}}]}],"exports":[{"type":"ExportDefaultDeclaration"}]},"updatedAt":"2021-05-05T20:04:09.645Z"}]