<?xml version="1.0" encoding="UTF-8" ?>
<PermissionSet xmlns="http://soap.sforce.com/2006/04/metadata">
    <fieldPermissions>
        <editable>true</editable>
        <field>LWR_Demo_Lead__c.Address__c</field>
        <readable>true</readable>
    </fieldPermissions>
    <fieldPermissions>
        <editable>true</editable>
        <field>LWR_Demo_Lead__c.Email__c</field>
        <readable>true</readable>
    </fieldPermissions>
    <fieldPermissions>
        <editable>true</editable>
        <field>LWR_Demo_Lead__c.First_Name__c</field>
        <readable>true</readable>
    </fieldPermissions>
    <fieldPermissions>
        <editable>true</editable>
        <field>LWR_Demo_Lead__c.Last_Name__c</field>
        <readable>true</readable>
    </fieldPermissions>
    <fieldPermissions>
        <editable>true</editable>
        <field>LWR_Demo_Lead__c.Quote_Type__c</field>
        <readable>true</readable>
    </fieldPermissions>
    <fieldPermissions>
        <editable>true</editable>
        <field>LWR_Demo_Lead__c.Status__c</field>
        <readable>true</readable>
    </fieldPermissions>
    <hasActivationRequired>false</hasActivationRequired>
    <label>LWR Marketing Builder</label>
    <objectPermissions>
        <allowCreate>true</allowCreate>
        <allowDelete>false</allowDelete>
        <allowEdit>true</allowEdit>
        <allowRead>true</allowRead>
        <modifyAllRecords>false</modifyAllRecords>
        <object>LWR_Demo_Lead__c</object>
        <viewAllRecords>true</viewAllRecords>
    </objectPermissions>
</PermissionSet>
