<?xml version="1.0" encoding="UTF-8" ?>
<Network xmlns="http://soap.sforce.com/2006/04/metadata">
    <allowInternalUserLogin>false</allowInternalUserLogin>
    <allowMembersToFlag>false</allowMembersToFlag>
    <changePasswordTemplate
    >unfiled$public/CommunityChangePasswordEmailTemplate</changePasswordTemplate>
    <communityRoles />
    <disableReputationRecordConversations
    >false</disableReputationRecordConversations>
    <emailSenderAddress>wesley.dike@oktana.com</emailSenderAddress>
    <emailSenderName>LWR Demo Marketing</emailSenderName>
    <enableCustomVFErrorPageOverrides>false</enableCustomVFErrorPageOverrides>
    <enableDirectMessages>false</enableDirectMessages>
    <enableExperienceBundleBasedSnaOverrideEnabled
    >true</enableExperienceBundleBasedSnaOverrideEnabled>
    <enableGuestChatter>true</enableGuestChatter>
    <enableGuestFileAccess>true</enableGuestFileAccess>
    <enableGuestMemberVisibility>false</enableGuestMemberVisibility>
    <enableInvitation>false</enableInvitation>
    <enableKnowledgeable>false</enableKnowledgeable>
    <enableMemberVisibility>false</enableMemberVisibility>
    <enableNicknameDisplay>false</enableNicknameDisplay>
    <enablePrivateMessages>false</enablePrivateMessages>
    <enableReputation>false</enableReputation>
    <enableShowAllNetworkSettings>false</enableShowAllNetworkSettings>
    <enableSiteAsContainer>true</enableSiteAsContainer>
    <enableTalkingAboutStats>false</enableTalkingAboutStats>
    <enableTopicAssignmentRules>true</enableTopicAssignmentRules>
    <enableTopicSuggestions>false</enableTopicSuggestions>
    <enableUpDownVote>false</enableUpDownVote>
    <forgotPasswordTemplate
    >unfiled$public/CommunityForgotPasswordEmailTemplate</forgotPasswordTemplate>
    <gatherCustomerSentimentData>false</gatherCustomerSentimentData>
    <networkMemberGroups>
        <profile>admin</profile>
    </networkMemberGroups>
    <networkPageOverrides>
        <changePasswordPageOverrideSetting
        >Standard</changePasswordPageOverrideSetting>
        <forgotPasswordPageOverrideSetting
        >Designer</forgotPasswordPageOverrideSetting>
        <homePageOverrideSetting>Designer</homePageOverrideSetting>
        <loginPageOverrideSetting>Designer</loginPageOverrideSetting>
        <selfRegProfilePageOverrideSetting
        >Designer</selfRegProfilePageOverrideSetting>
    </networkPageOverrides>
    <picassoSite>LWR_Demo_Marketing1</picassoSite>
    <selfRegistration>false</selfRegistration>
    <sendWelcomeEmail>true</sendWelcomeEmail>
    <site>LWR_Demo_Marketing</site>
    <status>UnderConstruction</status>
    <tabs>
        <defaultTab>home</defaultTab>
        <standardTab>Chatter</standardTab>
    </tabs>
    <urlPathPrefix>marketingsite</urlPathPrefix>
    <welcomeTemplate
    >unfiled$public/CommunityWelcomeEmailTemplate</welcomeTemplate>
</Network>
