{
    "cmsSettings": {},
    "currentThemeId": "ee7747ce-58fc-4c8b-b979-f4bf13fd2bf0",
    "favIconAssetRef": null,
    "headMarkup": "<meta charset=\"UTF-8\" />\n<meta name=\"viewport\" content=\"width=device-width, initial-scale=1\" />\n<title>Welcome to LWC Communities!</title>\n\n<link rel=\"stylesheet\" href=\"{ basePath }/assets/styles/styles.css?{ versionKey }\" />\n\n\n<!-- webruntime-branding-shared stylesheets -->\n<link rel=\"stylesheet\" href=\"{ basePath }/assets/styles/salesforce-lightning-design-system.min.css?{ versionKey }\" />\n<link rel=\"stylesheet\" href=\"{ basePath }/assets/styles/dxp-site-spacing-styling-hooks.min.css?{ versionKey }\" />\n<!-- webruntime-branding-shared stylesheets -->\n<link rel=\"stylesheet\" href=\"{ basePath }/assets/styles/dxp-styling-hooks.min.css?{ versionKey }\" />\n<link rel=\"stylesheet\" href=\"{ basePath }/assets/styles/dxp-slds-extensions.min.css?{ versionKey }\" />\n<link rel=\"stylesheet\" href=\"/sfsites/c/resource/MarketingExperienceStyles\" />",
    "id": "24c5e29f-4104-4963-99c7-e83810aa4532",
    "isRelaxedCSPLevel": false,
    "label": "main",
    "templateName": "talon-template-byo",
    "type": "appPage"
}
