<?xml version="1.0" encoding="UTF-8" ?>
<!-- footer.js-meta.xml -->
<LightningComponentBundle
    xmlns="http://soap.sforce.com/2006/04/metadata"
    fqn="footer"
>
    <apiVersion>51.0</apiVersion>
    <isExposed>true</isExposed>
    <masterLabel>Footer</masterLabel>
    <description>Custom Footer</description>
    <targets>
        <target>lightningCommunity__Page</target>
        <target>lightningCommunity__Default</target>
    </targets>
    <targetConfigs>
        <targetConfig targets="lightningCommunity__Default">
            <property
                name="footerMenuName1"
                type="String"
                datasource="apex://NavigationLinkSetPickList"
                label="Navigation Menu Name"
            />
            <property
                name="footerMenuName2"
                type="String"
                datasource="apex://NavigationLinkSetPickList"
                label="Navigation Menu Name"
            />
            <property
                name="footerMenuName3"
                type="String"
                datasource="apex://NavigationLinkSetPickList"
                label="Navigation Menu Name"
            />
        </targetConfig>
    </targetConfigs>
</LightningComponentBundle>
